status,group,name,source,resolution,url
dead,Documentare,Animal Planet,curated,0,https://d35j504z0x2vu2.cloudfront.net/v1/master/0bc8e8376bd8417a1b6761138aa41c26c7309312/animal-planet-ro/manifest.m3u8
dead,Documentare,Arcadia Television,curated,0,https://office.softer.ro/hls/stream.m3u8
dead,Documentare,Discovery Channel,curated,0,https://d35j504z0x2vu2.cloudfront.net/v1/master/0bc8e8376bd8417a1b6761138aa41c26c7309312/discovery-ro/manifest.m3u8
dead,Documentare,DocuBox,curated,0,https://d35j504z0x2vu2.cloudfront.net/v1/master/0bc8e8376bd8417a1b6761138aa41c26c7309312/docubox/manifest.m3u8
dead,Documentare,Nat Geo Wild,curated,0,https://d35j504z0x2vu2.cloudfront.net/v1/master/0bc8e8376bd8417a1b6761138aa41c26c7309312/nat-geo-wild-ro/manifest.m3u8
dead,Documentare,National Geographic,curated,0,https://d35j504z0x2vu2.cloudfront.net/v1/master/0bc8e8376bd8417a1b6761138aa41c26c7309312/nat-geo-ro/manifest.m3u8
dead,Documentare,Travel Channel,curated,0,https://d35j504z0x2vu2.cloudfront.net/v1/master/0bc8e8376bd8417a1b6761138aa41c26c7309312/travel-channel-ro/manifest.m3u8
dead,Documentare,Viasat Explorer,curated,0,https://d35j504z0x2vu2.cloudfront.net/v1/master/0bc8e8376bd8417a1b6761138aa41c26c7309312/viasat-explorer-ro/manifest.m3u8
dead,Documentare,Viasat History,curated,0,https://d35j504z0x2vu2.cloudfront.net/v1/master/0bc8e8376bd8417a1b6761138aa41c26c7309312/viasat-history-ro/manifest.m3u8
dead,Documentare,Viasat Nature,curated,0,https://d35j504z0x2vu2.cloudfront.net/v1/master/0bc8e8376bd8417a1b6761138aa41c26c7309312/viasat-nature-ro/manifest.m3u8
dead,Filme,AMC Romania,curated,0,https://d35j504z0x2vu2.cloudfront.net/v1/master/0bc8e8376bd8417a1b6761138aa41c26c7309312/amc-ro/manifest.m3u8
dead,Filme,Cinema Classic TV,curated,0,https://d35j504z0x2vu2.cloudfront.net/v1/master/0bc8e8376bd8417a1b6761138aa41c26c7309312/cinema-classic/manifest.m3u8
dead,Filme,ComedyEst,curated,0,https://d35j504z0x2vu2.cloudfront.net/v1/master/0bc8e8376bd8417a1b6761138aa41c26c7309312/comedyest/manifest.m3u8
dead,Filme,Epic Drama,curated,0,https://d35j504z0x2vu2.cloudfront.net/v1/master/0bc8e8376bd8417a1b6761138aa41c26c7309312/epic-drama/manifest.m3u8
dead,Filme,Film Cafe,curated,0,https://d35j504z0x2vu2.cloudfront.net/v1/master/0bc8e8376bd8417a1b6761138aa41c26c7309312/film-cafe/manifest.m3u8
dead,Filme,FilmBox,curated,0,https://d35j504z0x2vu2.cloudfront.net/v1/master/0bc8e8376bd8417a1b6761138aa41c26c7309312/filmbox/manifest.m3u8
dead,Filme,FilmBox Extra HD,curated,0,https://d35j504z0x2vu2.cloudfront.net/v1/master/0bc8e8376bd8417a1b6761138aa41c26c7309312/filmbox-extra/manifest.m3u8
dead,Filme,FilmBox Family,curated,0,https://d35j504z0x2vu2.cloudfront.net/v1/master/0bc8e8376bd8417a1b6761138aa41c26c7309312/filmbox-family/manifest.m3u8
dead,Filme,FilmBox Premium,curated,0,https://d35j504z0x2vu2.cloudfront.net/v1/master/0bc8e8376bd8417a1b6761138aa41c26c7309312/filmbox-premium/manifest.m3u8
dead,Filme,FilmBox Stars,curated,0,https://d35j504z0x2vu2.cloudfront.net/v1/master/0bc8e8376bd8417a1b6761138aa41c26c7309312/filmbox-stars/manifest.m3u8
dead,Filme,FilmZone,curated,0,https://d35j504z0x2vu2.cloudfront.net/v1/master/0bc8e8376bd8417a1b6761138aa41c26c7309312/filmzone/manifest.m3u8
dead,Filme,HDNet RO 4K,curated,0,https://d35j504z0x2vu2.cloudfront.net/v1/master/0bc8e8376bd8417a1b6761138aa41c26c7309312/hdnetro/manifest.m3u8
dead,Filme,Mega Action+,curated,0,https://d35j504z0x2vu2.cloudfront.net/v1/master/0bc8e8376bd8417a1b6761138aa41c26c7309312/mega-action/manifest.m3u8
dead,Filme,Mega Comedy,curated,0,https://d35j504z0x2vu2.cloudfront.net/v1/master/0bc8e8376bd8417a1b6761138aa41c26c7309312/mega-comedy/manifest.m3u8
dead,Filme,Timeless Drama Channel,curated,0,https://d35j504z0x2vu2.cloudfront.net/v1/master/0bc8e8376bd8417a1b6761138aa41c26c7309312/timeless-drama/manifest.m3u8
dead,Generale,Angelus TV (1080p),iptv-org-ro,1080,https://video.angelustv.ro/hls/angelustv.m3u8
dead,Generale,Antena Comedy,curated,0,https://live7digi.antenaplay.ro/acomedy/acomedy_3000k.m3u8
dead,Generale,Antena Cook & Play,curated,0,https://live7digi.antenaplay.ro/acook/acook_3000k.m3u8
dead,Generale,Arges TV (720p),iptv-org-ro,720,https://btutzctahuf0wjoq.cdn.streamingserver.io/hls/yjvam8hlp2g3u08z02tv0yz66rq3cy.m3u8
dead,Generale,IasiTV Life (1080p) [Not 24/7],iptv-org-ro,1080,https://tv.streambox.ro/hls/itv/index.m3u8
dead,Generale,National TV,curated,0,https://live3.cdn.dejacast.com/nationaltv/nationaltv_0.m3u8
dead,Generale,Observator News,curated,0,https://live1ag.antenaplay.ro/live_ObservatorNews/live_ObservatorNews.m3u8
dead,Kids,Boomerang Romania,curated,0,https://d35j504z0x2vu2.cloudfront.net/v1/master/0bc8e8376bd8417a1b6761138aa41c26c7309312/boomerang-ro/manifest.m3u8
dead,Kids,Cartoon Network Romania,curated,0,https://d35j504z0x2vu2.cloudfront.net/v1/master/0bc8e8376bd8417a1b6761138aa41c26c7309312/cartoon-network-ro/manifest.m3u8
dead,Kids,Mega Kids,curated,0,https://d35j504z0x2vu2.cloudfront.net/v1/master/0bc8e8376bd8417a1b6761138aa41c26c7309312/mega-kids/manifest.m3u8
dead,Kids,Minimax Romania,curated,0,https://d35j504z0x2vu2.cloudfront.net/v1/master/0bc8e8376bd8417a1b6761138aa41c26c7309312/minimax-ro/manifest.m3u8
dead,Muzica,1 Music Channel,curated,0,https://d35j504z0x2vu2.cloudfront.net/v1/master/0bc8e8376bd8417a1b6761138aa41c26c7309312/1music/manifest.m3u8
dead,Muzica,Balkan TV,curated,0,https://live3.cdn.dejacast.com/balkantv/balkantv_0.m3u8
dead,Muzica,Dibi TV,curated,0,https://live3.cdn.dejacast.com/dibitv/dibitv_0.m3u8
dead,Muzica,Hit Music Channel,curated,0,https://d35j504z0x2vu2.cloudfront.net/v1/master/0bc8e8376bd8417a1b6761138aa41c26c7309312/hit-music/manifest.m3u8
dead,Muzica,Hora TV,curated,0,https://live3.cdn.dejacast.com/horatv/horatv_0.m3u8
dead,Muzica,Mooz Dance,curated,0,https://rtmp.digitalbroadcast.ro/moozdance/moozdance.m3u8
dead,Muzica,Mooz Hits,curated,0,https://rtmp.digitalbroadcast.ro/moozhits/moozhits.m3u8
dead,Muzica,Mooz Ro!,curated,0,https://rtmp.digitalbroadcast.ro/moozro/moozro.m3u8
dead,Muzica,MTV Europe,curated,0,https://d35j504z0x2vu2.cloudfront.net/v1/master/0bc8e8376bd8417a1b6761138aa41c26c7309312/mtv-europe/manifest.m3u8
dead,Muzica,Noroc TV,curated,0,https://live3.cdn.dejacast.com/noroctv/noroctv_0.m3u8
dead,Muzica,Taraf TV,curated,0,https://live3.cdn.dejacast.com/taraf/taraf_0.m3u8
dead,Radio,Dance FM,curated,0,https://live3.cdn.dejacast.com/dancefm/dancefm_0.m3u8
dead,Radio,Europa FM,curated,0,https://live3.cdn.dejacast.com/europafm/europafm_0.m3u8
dead,Radio,Kiss FM,curated,0,https://live3.cdn.dejacast.com/kissfm/kissfm_0.m3u8
dead,Radio,Magic FM,curated,0,https://live3.cdn.dejacast.com/magicfm/magicfm_0.m3u8
dead,Radio,Pro FM,curated,0,https://live3.cdn.dejacast.com/profm/profm_0.m3u8
dead,Radio,Radio ZU,curated,0,https://live3.cdn.dejacast.com/radiozu/radiozu_0.m3u8
dead,Radio,Rock FM,curated,0,https://live3.cdn.dejacast.com/rockfm/rockfm_0.m3u8
dead,Radio,Virgin Radio Romania,curated,0,https://live3.cdn.dejacast.com/virginradio/virginradio_0.m3u8
dead,Sport,Digi Sport 1,curated,0,https://live3.cdn.dejacast.com/digisport1/digisport1_0.m3u8
dead,Sport,Digi Sport 2,curated,0,https://live3.cdn.dejacast.com/digisport2/digisport2_0.m3u8
dead,Sport,Eurosport 1 Romania,curated,0,https://live3.cdn.dejacast.com/eurosport1ro/eurosport1ro_0.m3u8
dead,Sport,Eurosport 2 Romania,curated,0,https://live3.cdn.dejacast.com/eurosport2ro/eurosport2ro_0.m3u8
dead,Sport,Extreme Sport,curated,0,https://d35j504z0x2vu2.cloudfront.net/v1/master/0bc8e8376bd8417a1b6761138aa41c26c7309312/extreme-sport/manifest.m3u8
dead,Sport,FightBox HD,curated,0,https://d35j504z0x2vu2.cloudfront.net/v1/master/0bc8e8376bd8417a1b6761138aa41c26c7309312/fightbox/manifest.m3u8
dead,Stiri,Antena 3 CNN,curated,0,https://live7digi.antenaplay.ro/a3/a3_3000k.m3u8
dead,Stiri,B1 TV,curated,0,https://live3.cdn.dejacast.com/b1tv/b1tv_0.m3u8
geo,Generale,PRO 2,curated,0,https://cmero-ott-live-app-svod-sec.ssl.cdn.cra.cz/channels/cme-ro-pro2/playlist.m3u8
geo,Generale,PRO GOLD,curated,0,https://cmero-ott-live-app-svod-sec.ssl.cdn.cra.cz/channels/cme-ro-progold/playlist.m3u8
geo,Generale,PRO X,curated,0,https://cmero-ott-live-app-svod-sec.ssl.cdn.cra.cz/channels/cme-ro-prox2/playlist.m3u8
timeout,Muzica,Tezaur TV,curated,0,https://testcam.go.ro:8080/hls/tezaurtv.m3u8
working,Documentare,Agro TV [Not 24/7],curated,0,https://agrotv.streamnet.ro/mobile_tv/agrotv.m3u8
working,Documentare,Digi Animal World (720p),iptv-org-ro,720,https://aes.m3u8simplu.workers.dev/digianimalworld/index.m3u8
working,Documentare,Digi Life (720p),iptv-org-ro,720,https://aes.m3u8simplu.workers.dev/digilife/index.m3u8
working,Documentare,Digi World (720p),iptv-org-ro,720,https://aes.m3u8simplu.workers.dev/digiworld/index.m3u8
working,Documentare,Hello Taste,curated,0,https://stream1.antenaplay.ro/live/HelloTaste/playlist.m3u8
working,Documentare,History (576p),iptv-org-ro,576,https://aes.m3u8simplu.workers.dev/history/index.m3u8
working,Documentare,MediCOOL TV,curated,0,https://stream1.antenaplay.ro/live/MediCOOLTV/chunklist.m3u8
working,Documentare,National Geographic (576p),iptv-org-ro,576,https://aes.m3u8simplu.workers.dev/natgeo/index.m3u8
working,Documentare,National Geographic Wild (1080p),iptv-org-ro,1080,https://aes.m3u8simplu.workers.dev/natgeowild/index.m3u8
working,Filme,Acasa (1080p),iptv-org-ro,1080,https://aes.m3u8simplu.workers.dev/acasa/index.m3u8
working,Filme,Acasa Gold (1080p),iptv-org-ro,1080,https://aes.m3u8simplu.workers.dev/acasagold/index.m3u8
working,Filme,Bollywood Classic,curated,0,https://shls-live-ak.akamaized.net/out/v1/485100a2150e4f69a338a5c99ca5648e/index.m3u8
working,Filme,Bollywood HD Russia (576p),iptv-org-ro,576,https://xykt-fix.github.io/cinerama_edge01/hls/BOLLYWOOD_RU/Movie009.m3u8
working,Filme,CineMaraton (720p),iptv-org-ro,720,https://aes.m3u8simplu.workers.dev/cinemaraton/index.m3u8
working,Filme,Comedy Central (576p),iptv-org-ro,576,https://aes.m3u8simplu.workers.dev/comedycentral/index.m3u8
working,Filme,Comedy Play,curated,0,https://stream1.antenaplay.ro/live/ComedyPlay/playlist.m3u8
working,Filme,Diva (576p),iptv-org-ro,576,https://aes.m3u8simplu.workers.dev/diva/index.m3u8
working,Filme,Film Now (720p),iptv-org-ro,720,https://aes.m3u8simplu.workers.dev/filmnow/index.m3u8
working,Filme,Happy Channel (1080p),iptv-org-ro,1080,https://aes.m3u8simplu.workers.dev/happy/index.m3u8
working,Filme,Pro Cinema (1080p),iptv-org-ro,1080,https://aes.m3u8simplu.workers.dev/procinema/index.m3u8
working,Filme,Timeless Dizi Channel (576p),iptv-org-ro,576,https://aes.m3u8simplu.workers.dev/dizi/index.m3u8
working,Filme,TV1000 (720p),iptv-org-ro,720,https://aes.m3u8simplu.workers.dev/viasatkino/index.m3u8
working,Generale,A7TV (1080p),iptv-org-ro,1080,https://a7tvlive.ro/A7TV/A7TV/playlist.m3u8
working,Generale,Alfa Omega TV (1080p) [Not 24/7],iptv-org-ro,1080,https://aom-live.maghost.ro/aomTV/streams/OOztu5o9Fx6dh9mD1711027803849.m3u8
working,Generale,Antena 1 (576p),iptv-org-ro,576,https://aes.m3u8simplu.workers.dev/antena1/index.m3u8
working,Generale,Antena International (720p),iptv-org-ro,720,https://aes.m3u8simplu.workers.dev/antenaint/index.m3u8
working,Generale,Antena Monden,curated,0,https://stream1.antenaplay.ro/live/AntenaMonden/playlist.m3u8
working,Generale,Antena Stars (720p),iptv-org-ro,720,https://aes.m3u8simplu.workers.dev/antenastars/index.m3u8
working,Generale,B1 (1080p),iptv-org-ro,1080,https://aes.m3u8simplu.workers.dev/b1/index.m3u8
working,Generale,Banat TV (720p),iptv-org-ro,720,https://www.btv.ro/hls/banat-tv.m3u8
working,Generale,Bucovina TV (576i),iptv-org-ro,576,https://www.bucovinatv.ro/proxy/video/playlist.m3u8
working,Generale,Columna TV,iptv-org-ro,0,https://cdn.streamnet.pro/columnatv/live/playlist.m3u8
working,Generale,Credo TV (720p) [Not 24/7],iptv-org-ro,720,http://cdn.credonet.tv:1935/ctv/livecredo/playlist.m3u8
working,Generale,Dotto TV (1080p),iptv-org-ro,1080,https://live.dottotv.ro/index.m3u8
working,Generale,EMI TV,iptv-org-ro,0,https://astra.emitv.ro/hls/emi/index.m3u8
working,Generale,Exploris (576p) [Not 24/7],iptv-org-ro,576,http://89.38.8.130:39419
working,Generale,Hunedoara 1 (480p) [Not 24/7],iptv-org-ro,480,https://netstreaming.eu/hd1.m3u8
working,Generale,Informatia TV,iptv-org-ro,0,https://informatia.streamnet.ro/mobile_tv/informatiatv.m3u8
working,Generale,JOB TV (1080p),iptv-org-ro,1080,https://jobtvserver.eu/hls/stream.m3u8
working,Generale,Kanal D (480p),iptv-org-ro,480,https://stream1.kanald.ro/iphone/knd-live.m3u8
working,Generale,Kanal D2 (1080i),iptv-org-ro,1080,https://stream2.kanald.ro/iphone/knd2-live.m3u8
working,Generale,Light Channel (480p) [Not 24/7],iptv-org-ro,480,http://streamer1.streamhost.org:1935/salive/GMIlcbgM/playlist.m3u8
working,Generale,LiraTV (720p),iptv-org-ro,720,https://cloud2.streaminglivehd.com:1936/liratv/liratv/playlist.m3u8
working,Generale,Metropola TV (1080p) [Not 24/7],iptv-org-ro,1080,https://www.livemetropolatv.ro/MetropolaTV/Metro/playlist.m3u8
working,Generale,Mireasa (720p),iptv-org-ro,720,https://stream1.antenaplay.ro/live/MireasaExtra/playlist.m3u8
working,Generale,MISA TV,iptv-org-ro,0,https://vidl.misatv.ro:5050/MSTV/romanian_720p_baseline/playlist.m3u8
working,Generale,Muscel TV (720p),iptv-org-ro,720,https://cdn.streamnet.pro/musceltv/live/playlist.m3u8
working,Generale,Nova TV Brasov (576p) [Not 24/7],iptv-org-ro,576,http://novapress.ro:2022/live/nova/playlist.m3u8
working,Generale,Prima 4K (720p),iptv-org-ro,720,https://aes.m3u8simplu.workers.dev/prima4kk/index.m3u8
working,Generale,Prima TV (1080p),iptv-org-ro,1080,https://aes.m3u8simplu.workers.dev/primatv/index.m3u8
working,Generale,PRO TV (1080p),iptv-org-ro,1080,https://aes.m3u8simplu.workers.dev/protv/index.m3u8
working,Generale,PRO TV International (1080p),iptv-org-ro,1080,https://aes.m3u8simplu.workers.dev/protvint/index.m3u8
working,Generale,ROTV Valencia (720p),iptv-org-ro,720,https://rotv.romediavalencia.com:3839/live/rotvlive.m3u8
working,Generale,SperantaTV (1080p),iptv-org-ro,1080,https://jstre.am/live/jsl:2gNjpghXRLE.m3u8
working,Generale,Super TV (576p),iptv-org-ro,576,http://iptv.supertv.ro:8000/play/a001/index.m3u8
working,Generale,Tele7ABC HD (720p),iptv-org-ro,720,https://live.tele7abc.ro/hls/stream/index.m3u8
working,Generale,TeleM Botosani (540p) [Not 24/7],iptv-org-ro,540,http://89.137.197.15:8080/testing/pl5/playlist/ram/playlist.m3u8
working,Generale,TeleMoldova + [Geo-blocked],iptv-org-ro,0,https://vdo.ssl-stream.com:3247/stream/play.m3u8
working,Generale,Telestar1,iptv-org-ro,0,https://dvb.tennet.ro/mobile_tv/telestar.m3u8
working,Generale,Traditional TV (1080p),iptv-org-ro,1080,http://83.103.149.75:8085/udp/239.30.0.9:4000
working,Generale,TV Buzau (576p),iptv-org-ro,576,http://78.96.33.89:8080
working,Generale,TV SUD (1080p) [Geo-blocked],iptv-org-ro,1080,https://stream2.live-stream.ro/WebRTCApp/streams/118334672595255049029831.m3u8
working,Generale,TVPlus Suceava (576p),iptv-org-ro,576,http://85.186.22.140/testing/pl5/playlist/ram/playlist.m3u8
working,Generale,TVR 1,iptv-org-ro,0,https://tvr-1.lg.mncdn.com/tvr1/smil:tvr1.smil/playlist.m3u8
working,Generale,TVR 2,iptv-org-ro,0,https://tvr-2.lg.mncdn.com/tvr2/smil:tvr2.smil/playlist.m3u8
working,Generale,TVR 3,iptv-org-ro,0,https://tvr-3.lg.mncdn.com/tvr3/smil:tvr3.smil/playlist.m3u8
working,Generale,TVR Cluj,iptv-org-ro,0,https://tvr-cluj.lg.mncdn.com/tvrcluj/smil:tvrcluj.smil/playlist.m3u8
working,Generale,TVR Craiova,iptv-org-ro,0,https://tvr-craiova.lg.mncdn.com/tvrcraiova/smil:tvrcraiova.smil/playlist.m3u8
working,Generale,TVR Cultural,iptv-org-ro,0,https://tvr-cultural.lg.mncdn.com/tvrcultural/smil:tvrcultural.smil/playlist.m3u8
working,Generale,TVR Folclor,iptv-org-ro,0,https://tvr-folclor.lg.mncdn.com/tvrfolclor/smil:tvrfolclor.smil/playlist.m3u8
working,Generale,TVR Iasi (1080p) [Not 24/7],iptv-org-ro,1080,http://82.208.141.70:8778/1.m3u8
working,Generale,TVR Info,iptv-org-ro,0,https://tvr-info.lg.mncdn.com/tvrinfo/smil:tvrinfo.smil/playlist.m3u8
working,Generale,TVR International,iptv-org-ro,0,https://tvr-international.lg.mncdn.com/tvrinternational/smil:tvrinternational.smil/playlist.m3u8
working,Generale,TVR Targu-Mures,iptv-org-ro,0,https://tvr-tgmures.lg.mncdn.com/tvrtgmures/smil:tvrtgmures.smil/playlist.m3u8
working,Generale,TVR Timisoara,iptv-org-ro,0,https://tvr-timisoara.lg.mncdn.com/tvrtimisoara/smil:tvrtimisoara.smil/playlist.m3u8
working,Generale,TVSat (576p) [Not 24/7],iptv-org-ro,576,http://89.38.8.130:39443
working,Kids,Disney Channel (576p),iptv-org-ro,576,https://aes.m3u8simplu.workers.dev/disneychannel/index.m3u8
working,Kids,Disney Junior (576p),iptv-org-ro,576,https://aes.m3u8simplu.workers.dev/disneyjunior/index.m3u8
working,Kids,JimJam (576p),iptv-org-ro,576,https://aes.m3u8simplu.workers.dev/jimjam/index.m3u8
working,Kids,Nick Jr. (576p),iptv-org-ro,576,https://aes.m3u8simplu.workers.dev/nickjr/index.m3u8
working,Kids,Nickelodeon (576p),iptv-org-ro,576,https://aes.m3u8simplu.workers.dev/nickelodeon/index.m3u8
working,Kids,Nicktoons (576p),iptv-org-ro,576,https://aes.m3u8simplu.workers.dev/nicktoons/index.m3u8
working,Muzica,Atomic Academy TV,curated,0,https://atomic.streamnet.ro/academia.m3u8
working,Muzica,Atomic TV,curated,0,https://atomic.streamnet.ro/atomictv.m3u8
working,Muzica,Impact TV Dance,curated,0,https://online.tvimpact.live/hls/dancetv.m3u8
working,Muzica,Impact TV Manele,curated,0,https://online.tvimpact.live/hls/impact_tv.m3u8
working,Muzica,Kiss TV,curated,0,https://tv.broadcasting.ro/kisstv/a629c031-2170-4ee9-a36d-87a891aa3131.m3u8
working,Muzica,Magic TV,curated,0,https://tv.broadcasting.ro/magictv/925f90db-5c88-4190-a53d-5163cdffe6f4.m3u8
working,Muzica,Music Channel (576p),iptv-org-ro,576,https://aes.m3u8simplu.workers.dev/musicchannel/index.m3u8
working,Muzica,Rapsodia TV,curated,0,http://92.86.248.141:8080/ram/playlist.m3u8
working,Muzica,Rock TV,curated,0,https://tv.broadcasting.ro/rocktv/85c83a80-4f71-4f2d-a8d6-43f676896bcb.m3u8
working,Muzica,Tele7music,iptv-org-ro,0,https://live.tele7music.ro/hls/stream/index.m3u8
working,Muzica,UTV (1080p),iptv-org-ro,1080,https://aes.m3u8simplu.workers.dev/utv/index.m3u8
working,Muzica,ZU TV HD (720p),iptv-org-ro,720,https://aes.m3u8simplu.workers.dev/chefi/index.m3u8
working,Radio,Radio Fx Net (720p),iptv-org-ro,720,https://streamlov.alsolnet.com/radiofxnet/live/playlist.m3u8
working,Sport,Antena Sport [Not 24/7],curated,0,https://stream1.antenaplay.ro/as/asrolive1/playlist.m3u8
working,Sport,Digi Sport 3 (720p),iptv-org-ro,720,https://aes.m3u8simplu.workers.dev/digi3/index.m3u8
working,Sport,Digi Sport 4 (720p),iptv-org-ro,720,https://aes.m3u8simplu.workers.dev/digi4/index.m3u8
working,Sport,Prima Sport 5 (1080p),iptv-org-ro,1080,https://aes.m3u8simplu.workers.dev/primasp5/index.m3u8
working,Sport,Pro Arena (1080p),iptv-org-ro,1080,https://aes.m3u8simplu.workers.dev/proarena/index.m3u8
working,Sport,Realitatea Sportiva (720p),iptv-org-ro,720,https://stream.realitatea.net/realitatea/sportiva_md/ts:playlist.m3u8
working,Sport,Sport Extra (1080p),iptv-org-ro,1080,https://aes.m3u8simplu.workers.dev/sportextra/index.m3u8
working,Sport,TVR Sport,iptv-org-ro,0,https://tvr-sport.lg.mncdn.com/tvrsport/smil:tvrsport.smil/playlist.m3u8
working,Stiri,Aleph Business (1280p),iptv-org-ro,1280,https://streamw.m.ro/Aleph/ngrp:Alephbiz.stream_all/playlist.m3u8
working,Stiri,Aleph News (720p),iptv-org-ro,720,https://stream-aleph.m.ro/Aleph/ngrp:Alephnewsmain.stream_all/playlist.m3u8
working,Stiri,Digi 24,curated,0,https://edge-ar.rcs-rds.ro/digi24ar/index.m3u8
working,Stiri,Euronews România Ⓨ,free-tv-ro,0,https://www.youtube.com/euronewsro/live
working,Stiri,Nasul TV (720p) [Not 24/7],iptv-org-ro,720,https://live.nasul.tv/live/stream.m3u8
working,Stiri,Prima News (576p),iptv-org-ro,576,https://aes.m3u8simplu.workers.dev/primanews/index.m3u8
working,Stiri,Pro TV News (1080p),iptv-org-ro,1080,https://cmero-ott-live.ssl.cdn.cra.cz/channels/cme-ro-voyo-news/playlist.m3u8?offsetSeconds=0&url=0
working,Stiri,Realitatea Plus (720p),iptv-org-ro,720,https://stream.realitatea.net/realitatea/plus_md/ts:playlist.m3u8
working,Stiri,Realitatea Star (576i),iptv-org-ro,576,https://stream.realitatea.net/realitatea/star_md/ts:playlist.m3u8
working,Stiri,Romania TV (1080p),iptv-org-ro,1080,https://aes.m3u8simplu.workers.dev/romaniatv/index.m3u8
